peptide,Experiment 1,Experiment 2,Experiment 3,Control 1,Control 2,Control 3
AHCYRMIHWMC,99,88,79,29,21,19
ASCRRWNYDFC,103,94,105,14,17,17
ALCEVNCLEQC,107,102,108,21,17,19
AMCWTIDDAFC,118,117,98,18,22,17
ADCFRQDAFQC,100,98,85,22,20,16
AMCEPHWCLPC,94,99,98,18,18,17
AYCPKDHGIKC,99,93,89,21,11,16
ADCTFTTTCCC,97,95,105,19,21,18
AGCFYCGMSSC,111,90,103,16,15,14
AVCLDHSSYTC,92,104,95,24,12,27
ADCSDVQVCDC,104,106,95,22,22,13
AQCGGPWICAC,102,90,93,22,27,17
AACDVLDIQVC,87,113,106,18,20,24
AQCSQNWRCCC,98,95,112,20,25,32
AGCPYRDIYSC,95,93,83,23,15,16
ASCIPASHFDC,92,108,86,23,13,20
AFCLFECYLWC,100,105,81,29,18,19
AFCNDAAILMC,90,85,84,12,25,25
AECVPMEELFC,108,96,95,26,23,20
APCWTENKWNC,96,105,100,13,21,29
AHCPLHQFDMC,106,113,98,19,14,16
APCAYTHPEEC,96,109,98,13,11,14
AACDPTAGGNC,95,92,82,16,18,11
AICEIVFKETC,93,103,87,29,21,21
AACAVRTMTPC,80,87,82,20,27,23
AWCTQKQAWPC,103,105,96,22,24,25
AFCTSRRFQCC,103,102,107,19,17,23
ALCTLTYFCGC,100,104,82,14,14,15
ADCDVWWFVLC,89,86,91,20,22,11
AACITDYRRQC,103,99,73,20,13,20
AFCLHTHNTPC,103,109,83,21,19,17
ACCPGFAGGSC,89,93,115,20,19,17
AWCCRMIWPNC,106,107,106,13,28,21
ALCFLNCPICC,84,99,109,25,19,18
AICMKFQDFFC,92,116,103,19,27,20
AACTARCQIIC,104,120,95,24,20,24
AACFAECLFLC,95,86,87,24,16,23
AWCEEMFYMLC,95,98,103,14,16,21
ASCEFFILTKC,98,119,99,26,21,10
AYCKDYMGCHC,95,99,99,15,19,18
AVCTHTYKTYC,97,103,108,27,15,20
AVCAQWRVCTC,97,88,96,22,23,16
AICRFDWARIC,85,107,111,22,17,16
AWCEVCARFYC,95,96,111,24,26,14
AQCTVWTQKIC,106,91,98,27,22,20
AKCGCTFGNLC,87,93,92,20,25,24
ACCMAWEWMIC,98,107,122,30,20,20
AYCMTPMCKCC,85,107,106,16,24,17
AWCFNTTLTRC,108,108,115,23,22,21
AHCQRHKWSIC,99,112,111,21,14,23
ANCHRTEPVAC,114,92,113,26,24,20
ANCRLHYFATC,86,93,92,19,22,13
AQCMPCHYEIC,121,103,91,16,24,19
ATCDDGPRKEC,102,113,87,25,21,19
AICFSVGFSPC,100,102,101,23,26,15
APCMPLEGHFC,87,107,110,20,17,17
APCDSGWHLKC,127,104,106,17,18,23
ANCHMAGRRWC,92,88,121,25,25,25
AYCMDTNRSFC,104,97,91,18,25,22
ADCYQRQHTNC,92,91,104,21,19,19
AGCMPAGKIMC,99,88,103,21,18,13
AACPYHCGHQC,106,123,115,22,30,24
AHCMYSEGDKC,89,107,104,21,20,26
AWCNVGVWFKC,100,97,98,25,31,25
ANCYVTWKECC,100,115,93,27,22,23
AICESLNQQCC,100,113,100,21,17,18
AECPRMLDQSC,100,111,92,23,15,23
AFCTTNRRGNC,101,91,104,15,13,23
AVCMCVHRMVC,95,87,107,15,15,32
AACMLVVTIRC,102,119,105,22,22,19
AKCPKMECGQC,118,115,94,18,22,22
ARCWATTDNGC,82,105,99,26,20,18
ACCSFRNERMC,108,115,118,28,13,16
ARCDISLEVCC,93,86,105,20,13,20
AACNPLRPKKC,104,96,108,16,22,24
AVCFRTDNCAC,91,103,92,21,23,19
ATCMHQWEGLC,116,93,103,18,22,25
ANCIGIVDNDC,90,96,95,22,15,19
ANCTSNIYDSC,96,134,107,16,13,21
AYCCQEAVPCC,96,92,111,15,21,18
ATCLGVPDLQC,110,94,97,23,25,20
AQCYDDKGPCC,81,101,98,20,13,16
AWCWFWCLCMC,108,94,89,24,15,22
AICTFHYYEGC,98,114,90,19,23,20
ARCLHFAPVPC,125,85,99,13,15,23
AKCYGLLPTKC,85,121,82,28,20,19
ATCPWFNAFIC,75,107,82,18,18,22
AMCFFILGRSC,129,108,96,14,24,20
AVCLENICPSC,110,87,118,18,19,29
ANCWQTDHTNC,117,108,111,24,15,9
ARCYVRWNPMC,108,103,88,21,19,21
ANCFDAEIDLC,105,107,103,18,20,24
ASCWGWFEREC,103,97,96,13,20,11
AYCECVWWTQC,88,91,101,14,16,24
APCATGEYSRC,86,111,102,15,18,17
APCWWLDQWFC,111,110,99,20,23,15
AYCENLHDQLC,93,98,81,7,27,20
AHCGRVMYRSC,120,98,92,15,21,14
AECLHATCMKC,109,103,112,14,16,26
AHCNRIGLDWC,109,92,95,20,26,24
ADCINALYDGC,96,97,98,15,18,17
AKCRRSQIVLC,98,89,96,15,21,18
ASCMFEGQWKC,110,104,114,15,21,25
AWCNMCRNNKC,96,111,89,25,16,18
AMCSTFNMRDC,85,89,82,26,18,24
AYCQENTHKDC,104,97,91,14,24,14
AQCWDLWKYPC,94,93,86,20,16,20
AMCDKQKEEIC,113,104,111,19,24,22
AFCDNAKKEDC,102,98,98,21,19,22
AWCEHENPDNC,123,107,104,16,20,14
AACPTDIQDSC,93,100,73,18,21,19
AKCTWHKHPMC,76,118,97,26,17,17
AFCIQPRTRYC,106,97,96,19,12,18
AKCLCWMPLQC,104,103,107,27,20,17
APCRFTGMVEC,105,94,98,27,17,18
AECAHCFHEFC,114,88,104,18,19,22
ACCSYNGAETC,87,127,74,18,19,27
ALCFDGEVKTC,84,88,101,16,18,23
AQCNNMHEWAC,102,98,100,22,22,19
ATCFEWCMPRC,113,109,109,14,26,18
AACRMWVTWQC,99,103,110,17,17,16
AVCMDLLSNCC,95,101,95,12,23,19
AQCEGMDIDQC,101,82,109,10,19,16
AICQHHATKPC,103,104,114,19,22,22
AQCYREPIVNC,100,87,79,17,20,17
AVCIKGFNMAC,87,113,98,29,14,25
ARCMPFANMTC,93,85,97,20,22,15
AECCSKKGMAC,109,119,99,12,22,24
ARCLQPFGCTC,86,100,101,32,22,14
ARCKCFGHAHC,95,112,115,24,19,11
ACCCPRNEIKC,92,104,102,16,25,20
AMCMATRYGRC,80,100,76,17,18,28
AQCLQPDGINC,115,101,105,22,19,20
AFCVWGVGENC,108,99,92,22,21,20
ALCEFLMLICC,100,92,97,30,20,22
ADCDTHQTVPC,92,96,92,28,20,8
ATCCPKEFMWC,98,111,98,25,26,16
ASCWSHQQERC,114,84,109,25,19,18
AKCGFLIHHGC,114,90,107,19,21,25
AWCQSREHSIC,105,101,89,9,21,23
AGCTAWETKCC,106,99,106,26,24,18
AYCDTTNSRPC,122,96,109,18,25,19
AWCGATIWAFC,107,89,101,15,17,22
AHCQDVSWWVC,92,90,97,19,19,21
AACVSKWFCRC,109,86,109,36,21,21
ATCNHDLCDSC,104,106,103,28,19,19
ACCCDGRLKAC,105,101,86,21,29,24
APCATPEHTKC,98,97,90,36,13,27
ARCEKWTMKLC,106,104,116,19,21,18
AVCGWEPQDLC,100,108,91,18,27,19
AGCIEVMFRVC,111,98,94,11,28,24
AVCAGGSFTLC,121,107,98,19,16,25
AFCEQLTLHSC,113,97,100,23,21,22
AQCYRSPTICC,101,94,95,14,21,16
AHCRWRIMKRC,105,108,95,21,29,20
AHCTHPFTDHC,109,112,97,16,26,23
ASCKWNWKHQC,100,97,104,17,15,25
ATCPVCPPRYC,95,96,81,19,22,22
ACCRSEIKFSC,108,100,105,23,24,21
ALCNLPMSIIC,94,91,116,15,23,25
ATCGRDGDAPC,111,93,111,24,23,16
AGCDRFQVSGC,98,100,98,13,24,21
APCTDYMWMSC,94,106,87,19,18,22
ACCLMYSWMQC,96,104,98,26,29,18
AMCNFKKLWAC,104,89,99,25,21,31
APCPCFTGCEC,83,84,106,22,23,22
AKCDWYFLTRC,103,120,87,19,17,24
ACCYVGLYRFC,89,91,91,25,18,35
AECVGCMQFGC,109,94,89,19,17,15
AVCWNITRLRC,76,102,120,20,22,23
ADCSVSHEIPC,114,100,100,19,28,17
ADCDPCSGIIC,96,115,107,20,21,22
ATCYYPTEAAC,96,100,74,16,27,19
ASCCVTHPVQC,111,95,103,20,10,21
ARCANDMCSKC,95,106,90,21,16,28
AGCFPWIKTDC,98,95,103,15,22,20
ATCMEPYTKEC,94,83,93,15,28,13
ANCQPCDLKYC,108,116,108,22,19,17
AACCDYTYAYC,93,94,98,14,27,23
AVCDIDIVLYC,110,102,91,21,20,15
AKCHRCYNAIC,87,115,109,15,18,21
AICRPTDGFTC,98,120,92,22,28,16
ARCWMRNDTDC,96,97,110,18,13,19
AQCFSRREISC,111,98,114,16,16,28
ALCSDLGVVFC,109,98,105,29,20,16
AKCFLYGSDLC,128,107,105,30,24,21
AACVTKKLWRC,98,117,87,19,23,18
AQCDYSCLDMC,92,118,78,21,17,21
AHCCRIHRQIC,84,89,94,13,15,22
ASCQLHPYFDC,99,101,91,27,23,19
AVCFEPWCPMC,104,114,94,19,22,22
AVCFYMFENCC,100,89,108,24,19,22
ASCQHMAMEHC,91,92,85,25,22,21
AYCGLLIAPKC,104,104,86,15,19,20
AWCECQCRNFC,102,100,84,18,19,23
AQCSEAPEYVC,102,108,118,14,14,19
AFCPYIQRMAC,102,84,115,27,25,16
AACYNMHRMSC,110,94,105,17,22,21
APCYKHEWWGC,84,105,94,24,16,20
AMCPKYWSHWC,102,92,110,20,16,21
AICIYRHMHEC,90,102,116,17,24,18
AMCTHQMKPVC,102,96,95,15,18,14
AWCGLRYGLHC,104,88,103,19,14,15
AMCEAHVKDIC,95,101,102,19,14,19
ATCHSQSHKEC,90,96,90,18,21,20
AFCLALFNHKC,113,91,96,14,19,15
AVCETCCNGLC,109,97,101,16,21,11
ALCLHRHRDWC,107,103,114,15,21,17
AHCRHGCKTFC,99,103,99,24,15,23
AVCPMQVWRKC,97,95,85,21,17,16
AVCRVCLPVRC,117,93,92,25,19,24
AACWYTFDCDC,99,103,80,21,14,18
AMCMPMVRAHC,101,91,109,17,21,23
APCTYFTKCVC,97,92,95,14,11,23
APCDAEPTMCC,114,110,102,17,16,21
AGCKSMHLLYC,102,96,97,17,17,21
AFCYRVRCPEC,93,77,115,16,26,22
AKCYHCHIHQC,96,88,95,19,23,14
AYCFWWRSKEC,109,108,105,27,25,21
ATCPPHLCEGC,105,100,100,17,26,30
AHCIWYSHKPC,106,105,113,20,18,25
AVCEFKTDSFC,119,99,117,17,21,18
ARCVEIRDRPC,94,97,96,20,26,20
AICCTFQYDFC,110,98,92,20,19,18
AICKFLCKMEC,100,111,107,23,23,16
AACLKEGSCVC,90,97,95,22,24,26
AQCKRNLWWGC,95,92,81,21,19,20
ACCASVTGQRC,109,104,90,21,31,26
AICSAELMTHC,90,94,97,15,15,20
AKCYARGWVGC,97,123,75,18,18,15
AKCKHDVMHKC,95,104,88,25,14,16
ANCSKRTQVCC,96,97,97,21,23,13
AICQATFCKEC,118,128,107,26,20,18
ATCEVYRMNKC,94,91,83,23,22,21
ANCTDMTDIYC,109,95,98,11,21,22
AHCKQMQHAPC,96,101,103,20,22,20
AICCLKRPTSC,101,107,107,18,12,14
AWCIHSWGYMC,83,105,111,24,14,20
AMCGILDQQLC,119,93,107,17,21,15
AECVFWCNTLC,103,105,103,20,20,24
ALCNQSVNVHC,115,93,111,17,9,22
AWCLIGHAVYC,111,90,108,21,8,25
AHCIACVRAFC,102,95,85,13,26,23
AWCVFWSANCC,79,116,101,18,21,13
AVCPFNCFHNC,87,108,114,27,14,16
AICDRSEGAEC,91,74,99,14,24,21
ANCNFSAKNFC,116,111,119,29,18,17
AKCIFWLMRGC,94,92,77,19,22,25
ACCKQEKPVRC,94,91,96,26,22,18
AECTKEHCTIC,105,98,116,21,26,20
AECDTVVTNEC,113,111,100,20,17,14
AYCWPNHNECC,110,99,78,16,23,22
ATCKTFYIGMC,115,101,97,27,21,19
AFCVRGWAAPC,79,83,98,17,13,18
AKCTCWWHLLC,121,106,91,31,26,11
ANCEKEWQFVC,84,87,110,27,16,18
AWCPNYATPAC,92,90,100,12,22,16
ACCHEVGKKQC,87,101,106,15,17,16
ARCAHNLFNVC,100,101,109,18,19,25
ADCDLWDNSTC,103,87,92,19,16,30
AFCISDNIPEC,108,104,92,16,26,27
APCKPNPLAIC,98,100,89,23,14,10
ANCHHTPMGQC,109,108,104,21,19,12
ALCRLSNVASC,85,113,99,22,25,12
AHCLRGFCRSC,86,93,93,28,23,35
AMCRVADDHAC,116,74,111,19,19,28
ANCETRGSTDC,99,105,106,17,22,21
APCSMCGGQMC,96,105,92,20,22,21
ALCSEYPFHKC,111,77,110,18,17,23
AICFLHLEKQC,94,103,100,18,17,12
ACCNFYHSYAC,91,109,103,20,16,24
ARCSRCMARWC,116,89,99,26,30,21
AYCVEPADSEC,88,98,88,22,13,18
ACCENHRHTSC,100,98,90,19,16,26
AKCWFVSENHC,91,102,98,30,22,26
AVCQRGLREVC,99,89,102,15,24,19
AYCFINCNFFC,89,85,110,13,19,17
AKCNNRCVPQC,99,96,100,21,26,18
ANCTECMHCVC,88,92,107,20,26,24
AICWVLHKAWC,114,89,98,21,23,20
AVCVSPHASAC,87,107,83,16,19,29
AWCSHIVPKLC,109,89,118,19,22,21
AHCKYNFDMEC,109,103,83,18,22,16
ALCKMSLTWCC,112,107,86,27,14,25
ANCEPTIYDNC,110,101,90,17,20,23
ACCHFFYPYGC,105,108,95,20,16,12
AFCCHPRDYFC,99,87,101,19,26,13
ARCNKIVVPVC,106,93,108,18,9,19
AQCRTATMTQC,101,109,110,11,27,20
ALCLMSTSHSC,113,83,105,17,20,23
AGCDYGHAAFC,90,90,96,14,20,28
AVCFKDIYLWC,90,97,113,23,21,16
AMCNCYRYEVC,86,101,86,13,15,15
AMCHLMRWSYC,94,96,100,14,22,25
AQCDNENPCCC,107,100,97,13,13,21
ACCMLDYLVQC,97,100,97,15,18,24
AHCHQVGELVC,96,100,100,34,18,18
AHCQCLWKSWC,103,109,83,15,21,22
AACSLWDFKVC,111,94,95,11,21,16
ARCGNIPWAMC,97,88,101,17,17,23
AMCSIHMDTQC,96,96,101,18,22,17
APCFLGWPAYC,96,97,78,23,20,23
AECNDPYGMEC,97,89,88,19,17,20
AVCRIRAYLNC,103,103,101,10,15,23
APCHFVITYAC,93,95,112,26,26,26
AGCGKENNTRC,90,97,108,11,19,17
AMCLNGYFKSC,106,92,90,19,21,13
AQCHDGYCTNC,106,122,106,18,29,16
AGCKRCEFTIC,101,107,96,33,17,25
ATCNPLHQATC,128,96,91,16,20,25
AHCSANCHMPC,108,101,104,31,27,23
AICPFCKMGHC,118,100,106,18,22,23
AACPFYAYDVC,101,93,103,19,14,18
AHCYAQETQSC,111,96,100,27,20,18
AFCPQDRWTDC,93,102,103,24,14,20
AMCPFGAGVKC,90,100,86,20,25,24
ALCVHHMEYAC,118,81,103,19,16,23
AMCRPYLGRVC,98,98,98,20,21,24
AECNYVAAQEC,92,87,104,21,22,26
AFCTHLMDYLC,109,105,102,22,25,21
AYCKCQTAKYC,101,115,92,19,19,17
AFCHWFTIACC,110,95,102,29,14,26
AACLKRRDFKC,86,102,127,19,21,21
AECERIESESC,89,93,79,20,17,21
AYCAPAFSRTC,90,85,104,20,25,15
ATCMYSKCFAC,92,112,99,16,15,22
ASCVPRNILQC,96,85,94,21,23,18
AECGQERSHTC,106,85,104,16,25,16
ACCCSKPDKPC,107,95,99,20,6,12
ALCRMQGNPTC,88,99,118,20,24,17
AWCIIDDNTEC,99,91,89,27,19,10
AYCEMPKENKC,106,95,98,30,17,20
AKCAQSYRATC,114,109,116,20,22,17
ATCWANRVQAC,112,86,102,25,15,18
AWCCYAIQKCC,99,96,110,23,27,19
AHCRAMTFHWC,96,101,92,16,17,20
AKCPWYTGEAC,94,106,82,22,17,19
AVCNSFYNMKC,97,100,101,20,14,20
AQCRRWICCLC,90,98,82,15,22,23
AYCRPCWPMRC,99,99,94,25,17,22
AHCFDVMRYFC,116,81,102,14,26,20
ATCVMVHVIGC,101,107,105,21,22,26
AACYWACRQWC,100,94,107,22,23,26
APCMNWWWPQC,108,100,97,24,28,18
AICDVASHDEC,87,96,100,28,16,18
ACCSPIGGKEC,85,85,101,19,33,26
ATCQVMSAHLC,101,99,113,19,27,20
AGCHRAEAMVC,118,97,118,18,19,23
AVCYQRFECHC,69,105,105,20,30,18
AGCAALLDTWC,100,104,98,26,27,17
AVCFQLRASMC,96,105,122,20,23,15
ANCQKPDQLSC,77,105,121,23,20,19
AMCSWFQTDEC,82,89,106,17,18,23
AKCPMSSCLNC,94,94,89,16,22,21
AACQSMAHSQC,101,80,115,16,23,19
AECEDTHEPNC,100,106,94,14,19,22
AECRTNDLRLC,105,99,91,27,16,14
AECTQVASDKC,92,86,98,21,19,16
AQCTQNSAPGC,111,103,110,26,19,22
APCDVYCTWPC,97,98,103,13,18,26
AHCAFTIRYEC,111,87,122,18,28,14
AYCLNALKDWC,107,109,93,19,18,14
AHCYILFKACC,108,99,121,13,20,20
AACPEQDFHAC,94,95,93,22,17,20
AACSWKKKTNC,105,107,82,25,27,17
AVCVARVHSSC,114,103,114,20,22,15
ANCKDDAVNKC,98,108,103,22,18,17
ATCETKYCVMC,110,108,105,22,22,20
AWCSCLSFRPC,108,114,100,12,29,21
AHCVMMTGIAC,102,88,102,19,27,23
AQCQIEHYWRC,95,93,79,23,22,19
ASCCIGSMTWC,101,88,110,16,12,15
AWCVKCYNCLC,105,106,98,23,15,13
AHCTVWPRASC,118,108,108,28,17,17
AWCQPAWAELC,104,89,93,17,13,25
ADCHTWVAFCC,120,102,96,23,18,13
AVCEGRADFTC,99,92,87,25,26,27
ALCKHRIWMFC,98,92,90,15,22,34
AVCEKHVIMHC,120,101,104,22,21,16
ARCFSSTKDYC,106,97,97,24,20,17
ARCSMGMDRAC,105,108,99,13,34,17
ADCAVRIAYQC,107,138,98,26,21,16
ANCPNQLWCEC,89,106,92,21,14,23
AWCFWDMHTKC,108,106,91,16,19,25
ANCMCVKCCDC,91,116,107,21,24,23
AQCETPEDNIC,99,99,100,24,16,25
AICHGMNVWLC,109,112,93,20,19,26
AACFRDAINWC,106,97,92,21,18,21
ACCACKCRLRC,96,107,98,19,16,18
AGCMDYLAYMC,110,97,98,22,14,18
AKCWSSVMHKC,85,111,101,21,24,17
ALCSLLWLGTC,106,94,96,22,27,23
ACCEGMQSWCC,100,120,103,16,14,26
AMCWLNAHTLC,106,91,108,23,22,28
ALCFQTACHLC,118,107,85,28,15,18
ALCRGYRHFEC,77,95,107,22,22,18
AVCYEASITIC,87,91,99,21,20,20
AKCESLWTKPC,95,112,100,23,15,25
AICCVKPHLKC,100,87,108,22,29,18
ANCYHIKQFWC,105,102,86,19,21,17
ATCVMSNPSAC,108,104,101,17,20,15
ASCYSGFECGC,98,99,103,20,17,15
APCPWNTNPNC,84,106,106,19,31,28
AQCHYGHFVNC,96,99,102,14,16,17
AFCPSAPMIIC,100,90,107,12,17,17
AVCHRTWPKRC,104,124,93,19,17,16
ANCYPIAHRPC,119,108,100,15,14,29
AYCCEAHAKDC,98,88,117,15,23,17
AVCDYRFPWNC,98,98,109,24,18,26
ANCAYFGMIHC,95,125,81,18,16,19
AYCMMHLEFFC,98,97,93,26,22,18
AVCWDKETTCC,108,105,116,21,18,22
ALCINRKLYKC,98,125,100,17,17,22
AACGPQDMDWC,99,103,98,17,19,13
ANCMNWNNQCC,96,101,98,21,23,16
ALCRECDHSLC,103,97,114,23,22,21
ALCIANCLTDC,97,95,109,26,16,20
ASCDLWIHANC,106,100,108,18,23,16
AMCPILIYIKC,83,103,98,20,13,13
AFCTQLDEGSC,107,110,92,12,17,20
AGCSFKQIQNC,96,95,98,15,18,20
AYCYSCYRVAC,88,100,88,24,16,15
AHCSHQQNAAC,106,96,95,17,18,17
ANCGVPHPITC,96,102,83,15,11,20
ANCQQIFWQKC,99,111,111,25,19,22
ANCRVFHMMRC,95,91,98,17,23,23
AECCNHYKKIC,102,121,116,24,22,22
AVCCIQGLITC,100,98,101,21,15,21
AMCNPEHCGGC,103,84,97,19,17,16
ASCCHGFECLC,102,95,90,20,19,22
AYCAKNEPHIC,95,104,101,23,29,21
AWCESNPTIPC,102,75,106,21,19,14
AQCTWAAPQGC,85,93,99,20,21,18
AWCKYLPVSTC,106,98,98,20,28,18
AQCDHRSSIHC,111,119,112,20,22,23
ARCAPGPVDAC,98,104,110,18,13,26
AYCECGDHLGC,96,110,100,23,16,22
ANCWINRCTHC,115,126,103,30,23,17
AACMVSVILLC,126,107,96,19,21,14
APCNMLRFTFC,102,119,91,17,18,17
AMCTFYDFRWC,119,77,89,22,25,21
AGCNYSDQALC,121,103,119,20,24,11
AMCSGDWGIPC,104,97,111,20,19,14
AYCSDLMIGYC,85,106,106,23,27,19
AICRRWYGWIC,87,100,104,9,17,17
AFCHSQFKEEC,104,100,111,21,22,21
AFCGGDSNEAC,93,112,108,16,15,17
AMCALYMTIPC,107,114,98,29,16,24
AFCFGCGQMEC,106,99,92,26,19,21
AACKNITLHWC,101,77,110,16,19,26
ANCIRNMWQVC,79,106,110,18,21,13
AHCTESWLDDC,102,89,92,15,15,24
ASCPDCSGGPC,103,102,93,18,21,15
ASCQGCQSYPC,106,95,104,16,26,18
AECAEEETKWC,107,111,107,15,21,19
AVCPRDLKPSC,115,85,100,18,22,20
AHCIFVSQNTC,96,84,94,21,12,22
ALCSCTYLPNC,93,99,89,15,16,21
AKCHSDWEHNC,88,97,99,13,18,28
AACLYLFVRYC,82,101,95,26,25,13
ANCSLVRTLDC,91,101,110,19,24,14
ATCGPQLMPNC,89,104,110,16,23,27
AACCTFGHRWC,97,97,103,10,15,13
ALCDFDGPLWC,110,90,84,15,17,20
ARCLHDCGKLC,113,103,79,21,21,22
AECCRNHYVPC,110,99,94,19,25,21
AECWMAIRAHC,91,110,89,19,21,26
AICPVFGWEHC,89,108,106,25,15,14
ANCFGWVSMFC,104,108,99,25,18,25
ACCDNDEGNWC,90,118,114,22,24,15
AWCHVIQHETC,116,98,84,22,24,28
ADCEAQKEVQC,94,94,103,17,7,17
AHCNDELERLC,113,114,97,23,27,15
AKCSWRQYLNC,109,83,116,23,20,15
AACKGYHKFQC,95,94,90,21,17,19
ACCTICGFSIC,106,93,101,24,21,19
ANCGDYSYTSC,84,99,86,17,21,20
ACCRAKSENAC,85,85,105,10,22,16
ACCVCRWRYLC,89,107,105,21,20,20
APCVHCQFVMC,102,119,112,18,21,21
AHCTWSDRQRC,98,99,87,19,18,15
AWCQKGTWNEC,95,92,93,15,27,22
ATCCPAWMFAC,108,104,86,23,20,18
ACCWTFVVIRC,99,113,115,13,14,22
ARCACLSRRQC,97,103,85,17,32,17
AECTVYCIPYC,91,100,89,20,15,21
AICCASHMRPC,88,98,85,14,22,22
AHCPIFNPYQC,112,99,99,20,17,19
ADCYHVNWSTC,98,100,100,20,15,24
AICGICWSHLC,97,104,89,22,23,16
AWCMDIYWLSC,88,109,86,27,22,20
ALCDFPICKTC,109,93,95,20,21,18
AHCNLNMEWGC,100,108,95,22,27,16
APCHSAPAMGC,84,117,96,21,23,24
ARCTYPAIFGC,85,88,105,18,25,20
ANCAPTQQSTC,80,94,94,18,8,24
AGCKETCSQIC,101,102,85,19,24,13
AWCHDIAAQGC,98,95,102,14,22,16
ACCTDLSKMRC,90,101,101,23,22,20
ANCWTCMVMVC,89,102,82,15,18,22
AHCGDELKGYC,108,96,105,18,28,18
AHCQKRVNWPC,114,94,88,15,19,15
AWCCQVRQWWC,99,95,108,19,21,20
AWCYTYSFDRC,100,99,109,11,22,16
ATCPKRHAAFC,103,107,101,26,19,21
AGCGIRVYSGC,98,84,99,21,19,26
APCQYWHENQC,112,132,125,16,19,21
AQCGCIEQMQC,112,90,115,22,15,16
AGCEWFDKGPC,106,103,99,16,27,16
AQCRQSRWKFC,103,97,116,20,13,17
ANCVQRRFSFC,105,107,89,20,20,23
AVCFCHLRHFC,103,101,107,23,20,19
ALCKHSKTYHC,113,90,99,16,19,19
AVCLCCQSHNC,87,93,96,18,13,17
AVCVQQQEERC,96,95,112,23,26,24
ATCFPYALIIC,102,113,103,22,22,23
ATCQIKIPTWC,93,100,93,24,19,17
AKCMMLQKYLC,95,95,87,18,18,13
AGCSMLRHCNC,89,101,95,16,30,15
AYCLCEVWEYC,87,100,118,20,14,16
AQCKRHQGRYC,74,110,101,14,23,26
AFCMFTERWCC,99,105,110,16,25,23
APCNDGQEPWC,98,97,103,22,23,15
AWCSNAKTLVC,87,100,109,21,20,25
AMCPQIVWNNC,85,103,107,18,23,25
AGCDWEYDIIC,109,90,105,17,22,28
AMCYMWAFLLC,102,94,100,26,14,22
ATCMWTEQYEC,99,106,114,17,8,26
AFCWIKREKHC,96,106,102,14,17,30
ADCDVMYVRHC,97,106,116,19,14,25
AACHWPNNPQC,103,118,102,28,18,19
AVCPAFVSLEC,98,96,92,23,22,12
ACCTENWCCQC,109,101,91,15,20,19
ADCCWITPHKC,107,91,125,10,33,19
ALCVASSLAEC,123,89,97,30,31,22
AMCGKANQGAC,109,95,102,16,20,18
ASCRFMRVPEC,105,95,108,20,16,21
ASCKRQWKEHC,102,105,104,15,22,17
AMCFVRVYPFC,103,115,109,14,22,25
ATCSVIDTVGC,106,94,97,22,21,19
AVCDGDFKWPC,109,96,112,27,30,18
AFCWITWNREC,115,93,84,14,17,21
AVCQVWQYGIC,91,103,103,27,16,16
AKCTHKACEQC,90,86,88,12,20,24
ARCTICTVFKC,121,98,111,25,26,15
AICCVSLINSC,113,88,113,21,14,28
ALCVERMDRDC,107,117,92,19,19,19
ANCCCTLVWAC,99,97,89,21,16,23
APCIHIVKGEC,112,100,112,24,25,13
AKCMDNDRLAC,121,111,85,15,25,20
AYCFWFCHDTC,99,115,89,19,16,22
ATCPLSGSMYC,98,90,107,25,18,21
ADCCYLPYVSC,87,86,95,26,20,22
ACCGWYQDHHC,88,112,81,24,25,14
ALCENVHYEHC,110,99,100,15,25,21
AVCYIRKWGEC,86,103,114,20,18,27
AVCYQDHHFDC,100,95,101,31,20,24
ALCTRGSRIKC,122,96,96,27,17,28
AICAEHQPLVC,100,98,116,26,18,22
ATCAIIMQLRC,96,105,92,24,10,19
ANCKQPGWEYC,123,97,89,21,15,17
AGCNKHNFSFC,93,99,115,14,13,14
AECVACCEDTC,101,97,104,20,15,24
AYCVLAGMCHC,91,99,106,22,17,19
AWCYAITRVHC,92,101,107,19,27,23
APCMWIHSDTC,106,124,88,26,9,18
APCKTYNFNAC,107,91,112,23,19,12
AECTTIQEGWC,89,94,98,25,18,21
AYCGESPFRIC,119,75,110,28,13,24
AICILTGRRSC,96,96,109,21,17,25
APCAECYSDTC,95,110,104,20,15,23
AACYEALCRDC,86,95,106,22,23,24
AFCQNMFSVNC,86,102,107,17,13,19
ARCIVDTHPSC,108,106,117,15,24,15
AQCNIVSMSQC,106,112,124,25,15,19
ASCTLTTVCEC,111,97,106,22,13,19
AGCDFKHEHFC,105,106,81,23,13,27
AWCPMARVSKC,93,93,117,23,24,20
ACCMDVAANRC,91,94,108,15,19,22
ARCIVDHLYKC,100,97,91,14,19,12
AHCWKDNYVIC,102,78,82,22,21,17
ALCDVWFMLTC,107,97,94,24,19,17
AVCPLILQQYC,95,95,105,21,17,14
ALCPACDKFLC,89,104,92,20,22,17
AHCRVVLVAHC,101,95,112,21,18,22
AWCAIEWFTDC,106,103,98,21,19,15
AMCIIAPFITC,102,92,98,22,18,12
ADCTSITITKC,86,99,108,13,13,22
AHCPASQENNC,104,98,98,15,22,15
AYCMGQAHKMC,121,91,91,24,18,19
ALCLDRTVWWC,124,94,94,18,22,26
ASCRFDLFRVC,98,87,90,24,27,18
AHCCHWPFWAC,105,110,109,15,25,18
AYCCWGLKIMC,95,78,88,18,25,19
ATCSSYDGASC,84,101,114,14,14,21
AFCQCSTDAVC,101,90,105,14,17,19
ASCMCSATVPC,119,93,98,20,22,11
ARCESRRNIIC,89,111,116,14,23,17
AACRVQDRFDC,94,91,101,23,17,22
AKCRIRRVHVC,91,107,97,16,24,18
AYCVYQRNMMC,94,105,120,20,12,18
AHCMQSVEARC,99,93,95,18,18,19
APCIPRYYPFC,103,94,110,20,23,20
AYCRLMFKMWC,109,105,97,23,21,13
AKCMPPWWFSC,117,111,93,22,19,19
AACWDGEEELC,97,103,109,15,23,25
AKCNKYDELEC,92,117,107,20,16,25
AKCKLLCEIQC,95,89,97,17,17,23
ALCRYCWDQHC,105,98,111,17,12,21
ACCNDGQIQDC,108,91,117,15,19,23
AKCCEKRPYIC,119,100,108,15,19,15
ALCRLTWTNRC,83,103,100,14,18,18
ACCKWCWCRDC,83,108,101,13,24,24
AQCICIAEWFC,98,108,104,17,23,15
AMCVVLFRYEC,106,98,89,20,23,18
AACITPQFGGC,108,85,96,19,16,17
AYCGENPWPNC,102,99,92,15,20,24
ATCDMGGRHMC,86,97,101,19,21,32
AACYNTRCVSC,108,101,86,18,30,22
AGCSVYVADRC,95,90,88,17,24,22
ASCNKLSLKDC,111,101,105,16,19,14
ATCQVFNLIGC,93,93,101,26,19,21
AHCRTLYGKRC,111,80,98,22,20,25
APCGAEDTCWC,100,117,100,13,29,26
AKCHSVDYYLC,90,113,107,25,17,21
AVCMHQYVMNC,92,86,93,17,17,18
AACEMYKIIFC,116,111,105,28,18,18
AHCEKSPEKVC,109,96,93,13,23,18
ARCQSQDVGTC,93,110,108,36,18,18
AACGDWHPPTC,91,84,102,18,31,22
ACCRKRTHYVC,113,118,96,23,18,16
APCAGHSRYCC,121,106,93,16,15,27
ASCIHWTPRCC,102,101,97,16,24,17
AGCKTIPFTDC,97,98,96,25,15,18
AYCGAHRHWYC,91,116,91,22,20,16
ARCTSILLVLC,93,92,112,14,16,22
AECVNTKWQQC,95,95,104,17,19,14
AQCWWICEGDC,105,98,130,19,28,15
AYCFYQPQISC,108,121,104,18,17,22
ATCSRQEECMC,105,86,85,14,23,17
AECLDGDKDVC,111,105,74,17,18,25
ACCTSEVQCPC,119,85,105,24,16,19
AYCEPSGISPC,103,109,112,24,18,22
ANCTPYSLCCC,96,101,107,24,23,17
AECANCRTHGC,90,86,73,28,26,28
ACCEVLPNCRC,106,93,90,20,24,23
AGCIHVQRLNC,109,115,98,35,18,22
ACCNSECQMPC,97,90,102,24,21,16
AWCWKHQFVKC,98,96,84,23,22,11
ACCCHNGVEWC,90,91,105,14,11,26
AHCVGVSCWAC,105,107,120,18,23,27
AFCPWLYQNMC,91,120,107,17,22,19
ARCQCYVQVCC,89,92,98,26,19,16
AWCGAIIGTWC,96,91,102,18,20,13
AYCHKTLEHHC,97,86,105,25,19,23
ARCGSRMYCCC,95,88,93,21,23,17
AHCTPEQLLLC,113,93,113,21,26,20
ASCRIRATRQC,102,100,95,24,26,21
ACCRKRISQRC,109,90,102,17,19,16
AECQFSQQQQC,107,116,89,17,22,13
AYCNPMVCSCC,92,90,95,15,24,13
AFCNHPPTEVC,108,97,109,18,17,23
AACTLNYCSRC,102,99,87,17,14,15
AECLWPVREKC,104,91,101,20,22,14
AWCDNDRTVHC,98,106,101,14,17,20
AMCFLIPFNPC,109,104,97,20,20,22
AFCLSNTGKLC,92,108,96,18,13,23
AICDCWICWAC,112,102,99,24,28,15
ATCRVLGSFNC,111,96,103,22,19,15
AMCAPFVQPHC,98,106,97,18,28,20
ACCEVKWLRAC,85,85,101,22,14,21
AGCWREDEFVC,100,108,84,20,27,21
ADCVPRLAGKC,93,121,128,25,18,21
AQCTDALDFWC,114,102,94,20,22,15
APCGYTFRIFC,95,90,102,22,25,26
AHCIPVMKAIC,93,103,110,17,22,22
AWCLNGPEPTC,89,110,94,20,19,18
ANCSLDEGFVC,92,86,103,20,18,18
ARCEEIHTRFC,100,101,92,14,15,15
AECVGFKMGSC,105,87,104,19,26,26
AYCCWTVTCWC,121,95,87,14,25,19
AECDHEPYTHC,80,110,81,24,21,26
AQCNVEQWPVC,125,113,86,15,20,20
AWCDCTKGKFC,93,89,114,19,13,24
ANCDNWRINYC,110,111,86,20,16,25
ATCPNHAAYQC,90,109,115,23,19,12
AHCKNDRHAQC,82,101,109,19,19,20
AMCILANKFKC,104,109,87,26,14,22
AWCTSPVNARC,110,99,100,24,22,23
AECSRVHRMWC,84,113,105,12,26,24
APCCWMYFKGC,119,94,111,25,18,13
APCDNIPYSHC,78,98,109,6,21,19
ANCKYSWSKPC,103,101,85,24,27,18
AMCVMEVWPEC,88,95,115,26,18,15
AQCVICKHVSC,95,116,91,26,20,34
ATCCVRYDFMC,116,85,90,16,22,22
AHCVADIAHHC,95,89,96,16,17,20
AYCDPMMYHTC,80,109,103,26,18,15
AGCCSWFEQGC,89,102,101,19,25,21
ACCVNDHKIGC,97,114,95,14,15,15
AQCMHVETWQC,89,84,102,16,17,25
AGCHSILQMCC,111,96,137,27,21,14
ACCAIKITKGC,109,106,90,19,22,22
AICFHPSFSRC,86,115,68,20,19,20
ASCASEGWCVC,113,104,114,21,14,17
AQCHMECHWQC,90,105,94,18,21,20
ATCMNDGMPMC,101,109,96,17,15,20
ACCKCHHQFIC,101,85,95,28,25,19
AICNREGSFPC,102,118,99,16,20,25
ACCTYEPVDWC,104,87,101,17,23,15
AMCKHSFGWAC,109,91,103,18,13,18
AICSVWENSTC,97,100,104,19,25,23
AMCDCSDRTSC,91,110,103,25,23,20
ATCFQHKTDIC,102,106,97,19,19,23
AWCYYLNAEEC,99,114,117,20,24,12
AVCPGNEAMIC,101,101,121,28,24,22
APCNRFHIQEC,93,99,98,20,18,29
AWCSEWRASRC,117,104,98,19,19,18
AGCNQVNRWIC,97,98,97,16,21,23
AMCEARNKMFC,114,102,101,21,24,15
ASCPEEMQDWC,108,80,106,23,13,17
AECLMFKFMDC,107,115,83,17,23,20
AMCGEWWQDEC,89,99,88,13,21,24
AACLKTAAHEC,100,105,91,21,20,16
AECGDVRIVDC,82,100,119,19,25,20
AECTGMGCTDC,99,117,113,17,19,19
ATCYCLDHHAC,95,86,93,19,14,16
ARCQATAPIPC,95,99,96,18,24,28
ASCFREPWHNC,93,84,108,10,21,26
APCEIEVHMEC,97,108,84,20,11,20
AECLYNKRKHC,99,98,101,27,23,30
AYCSDGPAQCC,105,119,87,22,29,15
AMCWGLYDRMC,108,100,104,19,23,26
AKCAEAWLRYC,106,127,111,26,21,19
ASCASDRMLTC,94,97,105,16,38,21
AVCCTAKGCGC,108,98,95,19,22,20
ALCQREAIDQC,93,91,88,24,25,19
AVCDEEMKASC,102,111,104,17,21,16
AKCPDDACMQC,92,93,94,21,17,24
AECGLVSVGWC,104,84,89,19,26,26
ASCSWSQYQQC,102,111,95,30,20,16
ALCEYIAINRC,96,116,102,22,18,22
AICVCILKVIC,106,90,97,25,23,29
AICVNTMKRKC,101,110,106,27,16,24
AMCCSEFHGLC,97,108,104,20,13,18
ATCEHNPFGCC,109,93,100,15,26,26
ACCANIWKQVC,121,91,86,16,13,22
ARCPKCWSMNC,94,105,110,12,20,14
AHCVGKGVTNC,101,98,110,19,21,26
AECFWFQENGC,89,115,105,19,21,22
ADCAFAIHRMC,107,97,92,17,20,21
ALCHLWYKTKC,116,94,117,25,28,15
ANCGLMSSVKC,100,99,85,29,21,22
AWCQMKHRYTC,102,97,96,20,21,18
AECRIRQKYDC,84,99,94,27,22,14
ATCLTSYGHQC,104,101,96,27,13,16
ARCKHSDTICC,99,110,91,26,14,17
AMCCNNSNVPC,103,96,81,12,24,12
AECFHGPEPEC,94,87,102,27,28,18
ADCMLATPQAC,105,116,94,19,20,16
AGCNVHFLGQC,113,89,95,22,24,17
AQCTPCQAFHC,102,100,107,14,18,22
ATCSVHAAVEC,99,95,95,19,22,19
AFCPLDPNELC,88,96,106,23,13,16
AGCGPQHPRNC,95,88,108,20,21,21
ANCFNACSCSC,100,112,111,15,22,17
AQCSDKRVLLC,107,116,91,11,18,18
AQCAKTQPPGC,100,86,110,23,19,26
ASCTCSEHVGC,94,88,88,23,24,27
AACWLVNTAIC,86,82,84,17,26,17
AMCLEKNLQFC,111,113,121,21,18,18
ASCHNRITAIC,112,107,102,22,20,28
ASCTGDYEIYC,101,91,104,13,17,19
ACCTDRIGKMC,102,94,98,11,15,21
ARCLMKMCPIC,101,93,111,15,26,17
ALCRKLMKQFC,115,101,95,26,14,15
ALCWDYQKKGC,100,95,87,26,18,15
ATCGHYGKYEC,99,100,94,20,18,23
ALCTFVTEHFC,84,107,103,21,18,22
ACCFMMQPIRC,109,99,104,25,18,27
ACCHWVYHKNC,114,86,98,17,22,24
AECKICGMEQC,106,94,118,21,26,18
AMCAREVTHVC,108,105,114,19,13,25
ATCVQMCAMCC,97,96,91,27,19,19
ALCYCENMEMC,95,92,103,19,21,19
AMCRWIPVTGC,88,94,96,24,20,16
AMCANKFRVKC,99,101,91,12,26,14
AGCYNWMGACC,103,107,117,17,21,18
AICFINRWSQC,95,93,110,12,19,18
AMCYYLSVQEC,100,82,123,22,15,18
AGCYQPEYYMC,96,86,98,20,21,28
APCPMEHNPNC,101,117,85,24,21,18
AHCLYLFVKSC,86,107,97,20,26,15
AMCIDQCSGAC,115,107,77,23,22,18
AECKGTMEKSC,103,94,76,16,16,16
ALCHGATNEDC,102,90,102,19,20,20
AECEWNCTRLC,84,100,82,25,17,20
ANCYNSFSTRC,97,113,102,16,24,26
AMCCCCLRNMC,108,98,95,19,22,26
AMCMYMRQTCC,102,92,90,17,16,20
AWCALNLCSIC,90,110,95,19,19,25
AFCGCNKYNPC,104,117,101,20,27,27
AMCVSLNPKPC,110,90,105,19,20,15
AHCKSVPVLAC,102,90,85,32,18,15
AQCQGKDTNEC,106,88,89,27,30,12
AGCFNKKTWTC,101,106,85,19,14,12
ARCEMGEKKDC,103,116,111,22,24,18
ADCATSTCQHC,106,111,98,17,18,25
AHCWHHSNRRC,112,103,98,16,21,21
ALCFRNLTYYC,105,96,113,15,18,32
AHCNEMQVHFC,105,107,98,15,22,15
ACCKQMCCFHC,122,108,110,23,17,20
AFCERHDPLCC,105,92,99,24,29,22
AQCWMQSLYSC,89,104,95,16,13,13
ASCLSYVRMVC,103,105,110,25,20,22
AECETPCYGAC,94,110,95,19,25,25
AICGMKFHREC,106,84,93,21,19,21
ANCTNSLNMQC,92,81,107,25,17,22
AYCEQTFPDFC,94,119,92,25,18,27
AQCYLWMVMKC,107,88,108,24,17,21
AFCHSRFAYKC,94,86,119,17,7,30
AYCRWCIHIPC,111,106,101,21,25,19
AHCGGPSPCWC,104,96,90,16,28,15
AWCWTEHFSGC,93,114,91,21,31,19
AQCRTNHWDVC,87,103,118,34,21,20
AICPMTRAWSC,105,97,123,20,16,21
AFCDCGQHCMC,90,104,99,20,22,22
AYCSSIDYRAC,96,97,108,16,18,24
AQCYHIIICQC,110,114,103,25,24,21
ANCLPMDLMGC,93,103,100,23,21,19
AMCFCIQIGAC,93,93,103,27,17,23
ATCVNFKNYKC,102,104,101,19,22,20
ATCDCTECFLC,92,111,111,18,13,14
AGCLCHTDYNC,99,92,109,22,24,22
ADCNSNIFMLC,97,88,96,14,26,17
ACCKNFCWHHC,71,99,103,28,14,13
AECHAYAIILC,120,104,96,14,16,17
AMCDIDCQYRC,103,100,98,13,12,18
AACVMDPTVQC,90,102,99,22,17,19
ADCTVQNQVYC,111,102,100,19,27,18
APCSMPGYTFC,100,101,85,16,15,31
ALCFQWEYSRC,105,115,103,12,13,16
ASCRFPYHSHC,96,93,91,24,15,18
ATCVVNANMPC,104,107,111,16,25,28
AGCHMSNNYFC,89,103,100,19,16,14
ACCCNAWSHHC,92,111,106,28,27,14
AMCPYLPTAYC,102,105,104,20,23,15
AICPSLQGYHC,123,99,100,19,18,21
APCVRHRDQYC,96,95,103,17,25,28
AACMPNARADC,108,95,106,24,24,15
AKCHQTISNNC,94,99,96,23,25,24
AECHQPFKDLC,107,107,102,17,22,17
AHCGEIWDEPC,103,121,99,23,17,15
AFCWFRPTAQC,112,110,105,14,16,18
AICIPQMGSRC,91,97,103,26,16,16
AQCQQYVRWPC,90,114,104,22,20,15
AYCFDFIIQTC,86,95,109,13,16,29
ACCLYRLWPMC,84,97,124,17,23,20
ARCKDTTDWKC,109,77,112,20,24,26
ALCFMGEHWHC,107,110,102,14,16,20
AKCLWWRTHDC,101,101,98,19,23,23
AMCFNAWMRSC,96,107,120,15,21,28
ALCPFKLQMQC,100,94,94,16,28,21
AQCEIKCMYHC,106,105,114,22,14,28
ALCSIYIGDIC,97,83,102,16,21,11
AVCKGYDIDAC,92,86,102,18,20,30
AKCIWVRERPC,96,86,98,20,10,16
AGCHGGKIKNC,103,90,107,19,20,26
AGCDCQIGEFC,94,96,95,22,27,15
ATCTTDPNGPC,110,105,90,15,17,22
AVCNRARRSAC,89,98,99,20,19,34
AECDGFMKDKC,96,96,100,24,15,16
AGCMTWNPVHC,88,91,106,11,26,15
ACCAVHVWINC,86,89,105,25,14,24
AHCAFGPMIYC,88,100,91,21,16,30
AGCQCGADEPC,110,91,101,18,27,22
AWCKCYWGLPC,83,114,107,19,13,24
ANCGDFQNPPC,90,114,83,22,21,16
APCSTMKKQPC,93,114,118,22,20,14
AFCYTKPPFQC,108,88,102,14,16,20
AYCGDLEPWFC,100,117,106,9,17,21
ADCSTNWYDPC,111,103,116,25,12,23
AWCYTKVCMYC,108,103,109,16,14,19
APCCGGNEFIC,113,91,99,14,22,18
AVCKEKCKKVC,118,104,96,20,22,17
AQCNPVPELFC,87,105,107,22,21,13
APCTRVMEYMC,88,107,99,22,21,14
AYCNWSIQVAC,100,95,99,25,20,13
AMCNPSSWYYC,108,104,88,14,15,23
APCKVFMCTYC,111,90,105,15,16,24
ANCINVDNCQC,106,100,102,23,17,19
AECLCRESHNC,107,94,106,21,20,24
ALCVEENVIDC,91,112,106,15,22,19
AHCDYCVMASC,95,89,112,17,17,14
AMCHPPAWWRC,93,117,112,18,21,23
AACDMHKDAWC,110,106,117,24,17,13
AHCEVVYTESC,104,99,118,17,27,22
ALCNAVWYERC,112,108,116,23,17,30
AGCTTAHSFSC,102,108,109,25,15,22
AACNDCSECNC,109,129,102,26,25,19
ALCEHMDFCNC,126,82,83,14,17,27
AQCKKTRLTKC,114,93,101,30,26,22
AWCPNYYIMHC,87,97,94,17,11,23
AECMTIWIGCC,90,100,89,22,16,27
AHCLIQVFQLC,100,96,98,25,20,20
ADCRERLGPHC,99,106,96,19,22,16
ALCAHVDKFPC,100,91,105,19,11,21
ALCGIRPCYAC,98,97,104,22,19,20
ADCINRDIWYC,93,113,86,22,26,19
ATCIVRRFCSC,112,91,97,18,11,24
AECPHHSFTLC,104,103,92,13,20,17
ARCMSEGIPYC,106,118,106,15,20,16
AQCFFVQVYAC,105,104,115,10,11,19
AHCSCIRSALC,97,98,105,19,20,25
AACPMDTVLSC,102,105,85,28,21,19
ACCPQGNHEHC,97,96,99,15,25,17
AICVFYMKWNC,93,116,105,14,17,20
ARCTMVSRMPC,92,99,86,24,18,24
ALCQHNSFMEC,101,93,109,21,22,17
AHCLMDPCEDC,113,98,98,22,20,26
ASCKVPMLLGC,126,89,100,23,15,21
AHCRYNFQSMC,109,104,105,23,22,14
AGCRRKPAKDC,87,88,114,24,24,16
AGCFTSCMEGC,89,102,98,18,20,12
ALCAQFIAHCC,93,101,89,21,21,18
AFCLGLMGLQC,97,82,84,21,20,21
ADCPISHRCCC,91,117,90,16,15,17
AKCVECANPQC,94,107,107,20,21,23
AQCRQEVANKC,106,95,115,21,13,19
APCEATDTIDC,101,93,88,20,14,17
ADCKPARRMLC,96,89,95,20,18,16
AMCCKGADLFC,105,80,95,22,25,26
APCKFACMEKC,101,109,104,15,21,22
AVCSAICFRQC,88,96,99,23,14,19
ACCHSETEDKC,105,96,107,21,16,26
ADCKHWFWLYC,98,96,87,19,14,25
AGCPNDGWMEC,95,86,90,27,23,21
AECAVYGYYQC,93,85,112,13,26,15
AGCRRQNCIWC,89,95,107,16,21,27
AECRDWCGITC,99,98,89,24,20,19
ASCHGKHDMNC,97,90,97,20,21,17
ADCHNDWLISC,110,96,100,21,21,17
AECFGRGIKGC,101,93,118,20,19,18
AECTFQRNPVC,105,95,97,12,18,19
AYCPEHCVGSC,98,106,105,20,19,20
AACKTPRIICC,115,127,78,16,22,27
AVCCHHHQCCC,97,95,84,17,21,19
AHCNANGSVWC,104,94,90,20,21,25
AFCEFVPFWDC,112,96,115,18,29,20
ADCKQYMFQWC,77,97,109,20,16,21
AQCWGPVRHWC,88,102,102,21,24,14
AMCSLRHRSGC,89,100,106,15,28,25
AVCMVDPQEVC,85,107,104,17,13,11
ALCVSNWDIWC,93,93,100,15,22,19
AECSRFFRTDC,107,92,110,15,25,20
AECEHNCSHWC,106,103,103,15,12,21
AICFNEWVDHC,103,98,115,17,20,17
AKCQEEGFTPC,108,100,113,17,15,15
ATCGMWSIALC,105,81,93,26,14,16
AGCCKKWKCWC,103,80,100,17,26,22
ANCTYDKFYSC,105,102,98,22,21,15
AWCFDIEPQAC,95,90,94,30,21,22
AWCAPIVDVYC,94,87,111,19,25,23
AYCRDHIMLYC,97,87,97,20,25,18
AECFHFYITAC,100,104,118,20,12,16
ANCMMVLSIGC,121,109,93,24,12,14
AHCRDCIIMSC,119,100,90,23,22,18
AVCLAQWSWGC,115,101,92,20,13,19
AVCGYIFDCGC,115,104,111,18,18,18
ALCHCHIWGIC,117,91,112,20,21,21
AQCCQWLFEHC,111,93,95,27,16,16
AYCMCYFRNQC,83,94,107,16,25,16
ADCWRSTAMGC,103,96,92,14,21,16
ACCPMCADNHC,102,88,82,15,25,21
ALCKFEGGPEC,87,119,86,24,19,21
ATCVGCNNESC,96,102,76,26,19,19
AFCNFLTRIIC,98,117,106,16,21,22
AQCIQHVNQRC,108,97,112,26,22,18
AYCENPCWEPC,95,109,91,24,25,19
ALCSGICVYIC,107,103,118,25,21,17
AICFCRSESNC,108,83,103,31,17,20
AWCASSVVPNC,92,104,97,20,24,20
AVCECGMARNC,104,114,101,25,22,16
AYCNYQLKRYC,103,116,94,14,11,20
AKCECKYPQDC,95,99,95,26,20,20
AFCSFRSEQTC,106,106,88,22,20,22
AACKPEFVLEC,83,117,106,19,24,17
APCYYPKLWGC,83,95,101,24,23,34
ASCGIDFHAEC,82,104,104,11,18,16
AKCENMFNEPC,104,94,104,28,15,24
AQCPSRDGKDC,101,98,84,13,24,25
AWCLHFDCMLC,100,100,98,20,16,21
ARCWKGQLKTC,110,101,89,18,9,17
AYCLRDCFAMC,99,95,90,21,27,16
APCWMNDCRFC,93,103,105,22,18,14
AECTVSAGMGC,90,96,113,22,16,19
ASCKWTLWIWC,106,97,95,21,26,29
ACCSAERYAYC,117,100,114,17,19,15
ARCTWGKTRFC,102,103,95,16,22,20
AECKWQNEHTC,95,106,114,29,14,22
